{
	"info": {
		"_postman_id": "8cb3c53b-2cc5-4945-88f9-6bab015ce0ba",
		"name": "MSPR Webshop API",
		"schema": "https://schema.getpostman.com/json/collection/v2.1.0/collection.json",
		"_exporter_id": "16338597"
	},
	"item": [
		{
			"name": "Products",
			"item": [
				{
					"name": "Récupération de tous les produits",
					"request": {
						"method": "GET",
						"header": [],
						"url": {
							"raw": "https://webshop.dev-integration-altman-69.fr/api/products",
							"protocol": "https",
							"host": [
								"webshop",
								"dev-integration-altman-69",
								"fr"
							],
							"path": [
								"api",
								"products"
							]
						}
					},
					"response": []
				},
				{
					"name": "Récupération d'un produit en particulier",
					"request": {
						"method": "GET",
						"header": [],
						"url": {
							"raw": "https://webshop.dev-integration-altman-69.fr/api/products/6",
							"protocol": "https",
							"host": [
								"webshop",
								"dev-integration-altman-69",
								"fr"
							],
							"path": [
								"api",
								"products",
								"6"
							]
						}
					},
					"response": []
				},
				{
					"name": "Ajouter un produit en particulier",
					"request": {
						"method": "POST",
						"header": [],
						"url": {
							"raw": "https://webshop.dev-integration-altman-69.fr/api/products/",
							"protocol": "https",
							"host": [
								"webshop",
								"dev-integration-altman-69",
								"fr"
							],
							"path": [
								"api",
								"products",
								""
							]
						}
					},
					"response": []
				},
				{
					"name": "Modifier un produit en particulier",
					"request": {
						"method": "PUT",
						"header": [],
						"url": {
							"raw": "https://webshop.dev-integration-altman-69.fr/api/products/METTRE_ID",
							"protocol": "https",
							"host": [
								"webshop",
								"dev-integration-altman-69",
								"fr"
							],
							"path": [
								"api",
								"products",
								"METTRE_ID"
							]
						}
					},
					"response": []
				},
				{
					"name": "Modifier un produit en particulier",
					"request": {
						"method": "PATCH",
						"header": [],
						"url": {
							"raw": "https://webshop.dev-integration-altman-69.fr/api/products/METTRE_ID",
							"protocol": "https",
							"host": [
								"webshop",
								"dev-integration-altman-69",
								"fr"
							],
							"path": [
								"api",
								"products",
								"METTRE_ID"
							]
						}
					},
					"response": []
				},
				{
					"name": "Supprimer un produit en particulier",
					"request": {
						"method": "DELETE",
						"header": [],
						"body": {
							"mode": "raw",
							"raw": "",
							"options": {
								"raw": {
									"language": "json"
								}
							}
						},
						"url": {
							"raw": "https://webshop.dev-integration-altman-69.fr/api/products/METTRE_ID",
							"protocol": "https",
							"host": [
								"webshop",
								"dev-integration-altman-69",
								"fr"
							],
							"path": [
								"api",
								"products",
								"METTRE_ID"
							]
						}
					},
					"response": []
				}
			]
		},
		{
			"name": "Login_check pour obtenir le token",
			"protocolProfileBehavior": {
				"disabledSystemHeaders": {}
			},
			"request": {
				"method": "POST",
				"header": [
					{
						"key": "Content-Type",
						"value": "application/json",
						"type": "text"
					},
					{
						"key": "Accept",
						"value": "application/json",
						"type": "text"
					}
				],
				"body": {
					"mode": "raw",
					"raw": "{\r\n  \"email\": \"test@test.fr\",\r\n  \"password\": \"test\"\r\n}",
					"options": {
						"raw": {
							"language": "json"
						}
					}
				},
				"url": {
					"raw": "https://webshop.dev-integration-altman-69.fr/authentication_token",
					"protocol": "https",
					"host": [
						"webshop",
						"dev-integration-altman-69",
						"fr"
					],
					"path": [
						"authentication_token"
					]
				}
			},
			"response": []
		}
	]
}